player_id,player_name,player_age,sex
101,황서윤,1,남
102,임민서,2,남
103,전준서,3,남
104,윤지호,4,남
105,정현우,5,남
106,백다은,6,남
107,한시우,7,남
108,조다은,8,남
109,오은서,9,남
110,신지민,10,남
111,박지아,11,남
112,이도윤,12,남
113,최서진,13,남
114,백준서,14,남
115,조현우,15,남
116,서유준,16,남
117,황서윤,17,남
118,조윤서,18,남
119,김예준,19,남
120,양지우,20,남
121,윤건우,21,남
122,황예준,22,남
123,류서진,23,남
124,조도현,24,남
125,전다은,25,남
126,손지윤,26,남
127,오지호,27,남
128,한하은,28,남
129,권다은,29,남
130,류예은,30,남
131,배도윤,31,남
132,강하윤,32,남
133,정서연,33,남
134,오수빈,34,남
135,전도현,35,남
136,한시우,36,남
137,손소율,37,남
138,한지훈,38,남
139,김연우,39,남
140,강민준,40,남
141,양지후,41,남
142,임하은,42,남
143,안현우,43,남
144,고건우,44,남
145,윤도윤,45,남
146,고지후,46,남
147,양서연,47,남
148,전주원,48,남
149,이수빈,49,남
150,박지후,50,남
151,장하준,51,남
152,서하은,52,남
153,고지윤,53,남
154,장서현,54,남
155,전하준,55,남
156,박지훈,56,남
157,전하은,57,남
158,전하윤,58,남
159,장민서,59,남
160,배도현,60,남
161,최소율,61,남
162,윤하윤,62,남
163,김서진,63,남
164,김은서,64,남
165,신지안,65,남
166,김서준,66,남
167,장지훈,67,남
168,장윤서,68,남
169,김예준,69,남
170,송하준,70,남
171,오채원,71,남
172,김예은,72,남
173,한지안,73,남
174,오도윤,74,남
175,이서진,75,남
176,권예준,76,남
177,장지호,77,남
178,장지아,78,남
179,홍지후,79,남
180,권윤서,80,남
181,장민준,81,남
182,장도현,82,남
183,한하은,83,남
184,강준서,84,남
185,강수빈,85,남
186,임채원,86,남
187,양연우,87,남
188,윤하준,88,남
189,조주원,89,남
190,안지호,90,남
191,윤지후,91,남
192,이건우,92,남
193,윤윤서,93,남
194,배준서,94,남
195,박지아,95,남
196,백연우,96,남
197,황지유,97,남
198,오수아,98,남
199,배지아,99,남
200,황선우,100,남
